{"is_source_file": false, "format": "", "description": "", "external_files": [], "external_methods": [], "published": [], "classes": [], "methods": [], "calls": [], "search-terms": [], "state": 2, "file_id": 4, "knowledge_revision": 7, "git_revision": "5f5cda2c222404cf442e9e2c50877788f7f2ae5e", "hash": "8b0e6777d887e9c5eb15852b7f61d31e", "format-version": 4, "code-base-name": "video_streaming_backend", "filename": "README.md", "revision_history": [{"7": "5f5cda2c222404cf442e9e2c50877788f7f2ae5e"}]}