{"is_source_file": true, "format": "Python", "description": "This file is an Alembic environment script used for database migrations in a Python project utilizing SQLAlchemy and Alembic. It sets up migration contexts for offline and online modes, pulling database configuration from application settings and metadata from SQLAlchemy models.", "external_files": ["alembic", "src/settings", "src/db/base", "src/db/models"], "external_methods": ["get_settings", "Base.metadata", "engine_from_config", "context.config", "context.begin_transaction", "context.run_migrations", "context.configure", "context.is_offline_mode"], "published": [], "classes": [], "methods": [{"name": "str _get_database_url()", "description": "Retrieves the database URL from application settings.", "scope": "", "scopeKind": ""}, {"name": "None run_migrations_offline()", "description": "Configures and runs database migrations in offline mode.", "scope": "", "scopeKind": ""}, {"name": "None run_migrations_online()", "description": "Configures and runs database migrations in online mode.", "scope": "", "scopeKind": ""}], "calls": ["_get_database_url", "fileConfig", "engine_from_config", "context.configure", "context.begin_transaction", "context.run_migrations", "context.is_offline_mode"], "search-terms": ["Alembic migration script", "database URL retrieval", "SQLAlchemy metadata", "offline and online migration modes", "Python Alembic environment"], "state": 2, "file_id": 11, "knowledge_revision": 28, "git_revision": "0595ebafec38f209bff414f0da949afa9274f12c", "ctags": [{"_type": "tag", "name": "_get_database_url", "path": "/home/kavia/workspace/code-generation/streamview-platform-307320-307329/video_streaming_backend/alembic/env.py", "pattern": "/^def _get_database_url() -> str:$/", "language": "Python", "typeref": "typename:str", "kind": "function", "signature": "()"}, {"_type": "tag", "name": "config", "path": "/home/kavia/workspace/code-generation/streamview-platform-307320-307329/video_streaming_backend/alembic/env.py", "pattern": "/^config = context.config$/", "language": "Python", "kind": "variable"}, {"_type": "tag", "name": "run_migrations_offline", "path": "/home/kavia/workspace/code-generation/streamview-platform-307320-307329/video_streaming_backend/alembic/env.py", "pattern": "/^def run_migrations_offline() -> None:$/", "language": "Python", "typeref": "typename:None", "kind": "function", "signature": "()"}, {"_type": "tag", "name": "run_migrations_online", "path": "/home/kavia/workspace/code-generation/streamview-platform-307320-307329/video_streaming_backend/alembic/env.py", "pattern": "/^def run_migrations_online() -> None:$/", "language": "Python", "typeref": "typename:None", "kind": "function", "signature": "()"}, {"_type": "tag", "name": "target_metadata", "path": "/home/kavia/workspace/code-generation/streamview-platform-307320-307329/video_streaming_backend/alembic/env.py", "pattern": "/^target_metadata = Base.metadata$/", "language": "Python", "kind": "variable"}], "hash": "fd2849e91857e2ec25c03ea5ec4625c3", "format-version": 4, "code-base-name": "video_streaming_backend", "filename": "video_streaming_backend/alembic/env.py", "fields": [{"name": "config = context.config", "scope": "", "scopeKind": "", "description": "unavailable"}, {"name": "target_metadata = Base.metadata", "scope": "", "scopeKind": "", "description": "unavailable"}], "revision_history": [{"28": "0595ebafec38f209bff414f0da949afa9274f12c"}]}