{"is_source_file": true, "format": "Python", "description": "This is a Python source file defining application configuration settings using Pydantic, loaded from environment variables, for a video streaming backend project.", "external_files": [".env"], "external_methods": ["lru_cache", "Settings.parse_cors_origins", "get_settings"], "published": ["get_settings"], "classes": [{"name": "Settings", "description": "Pydantic settings class that loads configuration variables from environment variables or an .env file, providing access to application settings such as database URL, JWT secret, token expiration times, CORS origins, and backend URL."}], "methods": [{"name": "List[str] parsed_cors_origins(self)", "description": "Converts the CORS_ORIGINS environment variable into a list of origins for use in CORS middleware.", "scope": "Settings", "scopeKind": "class"}, {"name": "Settings get_settings()", "scope": "", "scopeKind": "", "description": "unavailable"}], "calls": ["lru_cache", "Settings.__init__", "Settings.parse_cors_origins", "get_settings"], "search-terms": ["settings", "configuration", "environment variables", "JWT", "CORS", "env file", "backend URL"], "state": 2, "file_id": 8, "knowledge_revision": 25, "git_revision": "0595ebafec38f209bff414f0da949afa9274f12c", "ctags": [{"_type": "tag", "name": "Settings", "path": "/home/kavia/workspace/code-generation/streamview-platform-307320-307329/video_streaming_backend/src/settings.py", "pattern": "/^class Settings(BaseSettings):$/", "language": "Python", "kind": "class"}, {"_type": "tag", "name": "access_token_expire_minutes", "path": "/home/kavia/workspace/code-generation/streamview-platform-307320-307329/video_streaming_backend/src/settings.py", "pattern": "/^    access_token_expire_minutes: int = Field($/", "language": "Python", "typeref": "typename:int", "kind": "variable", "scope": "Settings", "scopeKind": "class"}, {"_type": "tag", "name": "cors_origins", "path": "/home/kavia/workspace/code-generation/streamview-platform-307320-307329/video_streaming_backend/src/settings.py", "pattern": "/^    cors_origins: str = Field($/", "language": "Python", "typeref": "typename:str", "kind": "variable", "scope": "Settings", "scopeKind": "class"}, {"_type": "tag", "name": "database_url", "path": "/home/kavia/workspace/code-generation/streamview-platform-307320-307329/video_streaming_backend/src/settings.py", "pattern": "/^    database_url: str = Field(..., alias=\"DATABASE_URL\", description=\"PostgreSQL connection URL\"/", "language": "Python", "typeref": "typename:str", "kind": "variable", "scope": "Settings", "scopeKind": "class"}, {"_type": "tag", "name": "get_settings", "path": "/home/kavia/workspace/code-generation/streamview-platform-307320-307329/video_streaming_backend/src/settings.py", "pattern": "/^def get_settings() -> Settings:$/", "language": "Python", "typeref": "typename:Settings", "kind": "function", "signature": "()"}, {"_type": "tag", "name": "jwt_alg", "path": "/home/kavia/workspace/code-generation/streamview-platform-307320-307329/video_streaming_backend/src/settings.py", "pattern": "/^    jwt_alg: str = Field(\"HS256\", alias=\"JWT_ALG\", description=\"JWT signing algorithm\")$/", "language": "Python", "typeref": "typename:str", "kind": "variable", "scope": "Settings", "scopeKind": "class"}, {"_type": "tag", "name": "jwt_secret", "path": "/home/kavia/workspace/code-generation/streamview-platform-307320-307329/video_streaming_backend/src/settings.py", "pattern": "/^    jwt_secret: str = Field(..., alias=\"JWT_SECRET\", description=\"Secret used to sign JWTs\")$/", "language": "Python", "typeref": "typename:str", "kind": "variable", "scope": "Settings", "scopeKind": "class"}, {"_type": "tag", "name": "model_config", "path": "/home/kavia/workspace/code-generation/streamview-platform-307320-307329/video_streaming_backend/src/settings.py", "pattern": "/^    model_config = SettingsConfigDict(env_file=\".env\", env_file_encoding=\"utf-8\", extra=\"ignore\"/", "language": "Python", "kind": "variable", "scope": "Settings", "scopeKind": "class"}, {"_type": "tag", "name": "parsed_cors_origins", "path": "/home/kavia/workspace/code-generation/streamview-platform-307320-307329/video_streaming_backend/src/settings.py", "pattern": "/^    def parsed_cors_origins(self) -> List[str]:$/", "language": "Python", "typeref": "typename:List[str]", "kind": "member", "signature": "(self)", "scope": "Settings", "scopeKind": "class"}, {"_type": "tag", "name": "refresh_token_expire_days", "path": "/home/kavia/workspace/code-generation/streamview-platform-307320-307329/video_streaming_backend/src/settings.py", "pattern": "/^    refresh_token_expire_days: int = Field($/", "language": "Python", "typeref": "typename:int", "kind": "variable", "scope": "Settings", "scopeKind": "class"}], "hash": "fbca32de905cd306c35956971173ddcd", "format-version": 4, "code-base-name": "video_streaming_backend", "filename": "video_streaming_backend/src/settings.py", "fields": [{"name": "int access_token_expire_minutes", "scope": "Settings", "scopeKind": "class", "description": "unavailable"}, {"name": "str cors_origins", "scope": "Settings", "scopeKind": "class", "description": "unavailable"}, {"name": "str database_url", "scope": "Settings", "scopeKind": "class", "description": "unavailable"}, {"name": "str jwt_alg", "scope": "Settings", "scopeKind": "class", "description": "unavailable"}, {"name": "str jwt_secret", "scope": "Settings", "scopeKind": "class", "description": "unavailable"}, {"name": "model_config = SettingsConfigDict(env_file=\".env\", env_file_encoding=\"utf-8\", extra=\"ignore\"/", "scope": "Settings", "scopeKind": "class", "description": "unavailable"}, {"name": "int refresh_token_expire_days", "scope": "Settings", "scopeKind": "class", "description": "unavailable"}], "revision_history": [{"25": "0595ebafec38f209bff414f0da949afa9274f12c"}]}