{"is_source_file": true, "format": "Python", "description": "This file sets up a FastAPI application with CORS middleware and defines a basic health check endpoint.", "external_files": ["fastapi", "fastapi.middleware.cors"], "external_methods": ["FastAPI", "CORSMiddleware"], "published": ["app"], "classes": [], "methods": [{"name": "health_check()", "description": "Defines a GET endpoint at root '/' that returns a health status message.", "scope": "", "scopeKind": ""}], "calls": ["FastAPI()", "CORSMiddleware", "app.add_middleware", "app.get"], "search-terms": ["FastAPI setup", "CORS middleware", "health check endpoint", "main.py"], "state": 2, "file_id": 1, "knowledge_revision": 9, "git_revision": "a60250cd3987a76dd8578b82ea901a9c97912d90", "ctags": [{"_type": "tag", "name": "app", "path": "/home/kavia/workspace/code-generation/streamview-platform-307320-307329/video_streaming_backend/src/api/main.py", "pattern": "/^app = FastAPI()$/", "language": "Python", "kind": "variable"}, {"_type": "tag", "name": "health_check", "path": "/home/kavia/workspace/code-generation/streamview-platform-307320-307329/video_streaming_backend/src/api/main.py", "pattern": "/^def health_check():$/", "language": "Python", "kind": "function", "signature": "()"}], "hash": "58352bf5f133908bab16643199aa483d", "format-version": 4, "code-base-name": "video_streaming_backend", "filename": "video_streaming_backend/src/api/main.py", "fields": [{"name": "app = FastAPI()", "scope": "", "scopeKind": "", "description": "unavailable"}], "revision_history": [{"9": "a60250cd3987a76dd8578b82ea901a9c97912d90"}]}