{"is_source_file": true, "format": "Python", "description": "Main FastAPI application setup for the StreamView backend, including middleware, health check endpoint, and startup database connection validation.", "external_files": ["src/db/session", "src/settings"], "external_methods": ["check_db_connection", "get_settings", "settings.parsed_cors_origins"], "published": ["app"], "classes": [], "methods": [{"name": "None _startup_db_check()", "description": "Event handler that checks database connectivity during application startup.", "scope": "", "scopeKind": ""}, {"name": "health_check()", "description": "GET endpoint that returns a health status message.", "scope": "", "scopeKind": ""}], "calls": ["check_db_connection", "get_settings", "settings.parsed_cors_origins"], "search-terms": ["FastAPI", "health check", "CORS", "startup event", "api initialization"], "state": 2, "file_id": 1, "knowledge_revision": 21, "git_revision": "0595ebafec38f209bff414f0da949afa9274f12c", "revision_history": [{"9": "a60250cd3987a76dd8578b82ea901a9c97912d90"}, {"21": "0595ebafec38f209bff414f0da949afa9274f12c"}], "ctags": [{"_type": "tag", "name": "_startup_db_check", "path": "/home/kavia/workspace/code-generation/streamview-platform-307320-307329/video_streaming_backend/src/api/main.py", "pattern": "/^async def _startup_db_check() -> None:$/", "language": "Python", "typeref": "typename:None", "kind": "function", "signature": "()"}, {"_type": "tag", "name": "app", "path": "/home/kavia/workspace/code-generation/streamview-platform-307320-307329/video_streaming_backend/src/api/main.py", "pattern": "/^app = FastAPI($/", "language": "Python", "kind": "variable"}, {"_type": "tag", "name": "health_check", "path": "/home/kavia/workspace/code-generation/streamview-platform-307320-307329/video_streaming_backend/src/api/main.py", "pattern": "/^def health_check():$/", "language": "Python", "kind": "function", "signature": "()"}, {"_type": "tag", "name": "openapi_tags", "path": "/home/kavia/workspace/code-generation/streamview-platform-307320-307329/video_streaming_backend/src/api/main.py", "pattern": "/^openapi_tags = [$/", "language": "Python", "kind": "variable"}, {"_type": "tag", "name": "settings", "path": "/home/kavia/workspace/code-generation/streamview-platform-307320-307329/video_streaming_backend/src/api/main.py", "pattern": "/^settings = get_settings()$/", "language": "Python", "kind": "variable"}], "hash": "9193bc46cb446f410021bc97dc8e4131", "format-version": 4, "code-base-name": "video_streaming_backend", "filename": "video_streaming_backend/src/api/main.py", "fields": [{"name": "app = FastAPI(", "scope": "", "scopeKind": "", "description": "unavailable"}, {"name": "openapi_tags = [", "scope": "", "scopeKind": "", "description": "unavailable"}, {"name": "settings = get_settings()", "scope": "", "scopeKind": "", "description": "unavailable"}]}