{"is_source_file": true, "format": "Python", "description": "Alembic migration script for initial database schema setup, creating tables for users, videos, and refresh tokens, along with associated enums and indexes.", "external_files": ["alembic.op", "sqlalchemy as sa"], "external_methods": ["op.create_table", "op.create_index", "op.drop_table", "op.drop_index", "sa.Enum", "sa.Column"], "published": ["upgrade", "downgrade"], "classes": [], "methods": [{"name": "None upgrade()", "description": "Defines the logic to upgrade the database schema by creating enums, tables, and indexes.", "scope": "", "scopeKind": ""}, {"name": "None downgrade()", "description": "Defines the logic to revert the schema changes by dropping enums, tables, and indexes.", "scope": "", "scopeKind": ""}], "calls": ["sa.Enum", "sa.Column", "op.create_table", "op.create_index", "op.drop_index", "op.drop_table", "sa.Enum.name.drop"], "search-terms": ["Alembic initial migration", "create tables users videos tokens", "schema upgrade downgrade", "enum creation drop", "index creation drop"], "state": 2, "file_id": 12, "knowledge_revision": 29, "git_revision": "0595ebafec38f209bff414f0da949afa9274f12c", "ctags": [{"_type": "tag", "name": "branch_labels", "path": "/home/kavia/workspace/code-generation/streamview-platform-307320-307329/video_streaming_backend/alembic/versions/0001_initial.py", "pattern": "/^branch_labels = None$/", "language": "Python", "kind": "variable"}, {"_type": "tag", "name": "depends_on", "path": "/home/kavia/workspace/code-generation/streamview-platform-307320-307329/video_streaming_backend/alembic/versions/0001_initial.py", "pattern": "/^depends_on = None$/", "language": "Python", "kind": "variable"}, {"_type": "tag", "name": "down_revision", "path": "/home/kavia/workspace/code-generation/streamview-platform-307320-307329/video_streaming_backend/alembic/versions/0001_initial.py", "pattern": "/^down_revision = None$/", "language": "Python", "kind": "variable"}, {"_type": "tag", "name": "downgrade", "path": "/home/kavia/workspace/code-generation/streamview-platform-307320-307329/video_streaming_backend/alembic/versions/0001_initial.py", "pattern": "/^def downgrade() -> None:$/", "language": "Python", "typeref": "typename:None", "kind": "function", "signature": "()"}, {"_type": "tag", "name": "revision", "path": "/home/kavia/workspace/code-generation/streamview-platform-307320-307329/video_streaming_backend/alembic/versions/0001_initial.py", "pattern": "/^revision = \"0001_initial\"$/", "language": "Python", "kind": "variable"}, {"_type": "tag", "name": "sa", "path": "/home/kavia/workspace/code-generation/streamview-platform-307320-307329/video_streaming_backend/alembic/versions/0001_initial.py", "pattern": "/^import sqlalchemy as sa$/", "language": "Python", "kind": "namespace", "nameref": "module:sqlalchemy"}, {"_type": "tag", "name": "upgrade", "path": "/home/kavia/workspace/code-generation/streamview-platform-307320-307329/video_streaming_backend/alembic/versions/0001_initial.py", "pattern": "/^def upgrade() -> None:$/", "language": "Python", "typeref": "typename:None", "kind": "function", "signature": "()"}], "hash": "f8886b135624864c8da2b93d00530811", "format-version": 4, "code-base-name": "video_streaming_backend", "filename": "video_streaming_backend/alembic/versions/0001_initial.py", "fields": [{"name": "branch_labels = None", "scope": "", "scopeKind": "", "description": "unavailable"}, {"name": "depends_on = None", "scope": "", "scopeKind": "", "description": "unavailable"}, {"name": "down_revision = None", "scope": "", "scopeKind": "", "description": "unavailable"}, {"name": "revision = \"0001_initial\"", "scope": "", "scopeKind": "", "description": "unavailable"}], "revision_history": [{"29": "0595ebafec38f209bff414f0da949afa9274f12c"}]}