{"is_source_file": true, "format": "Python", "description": "This file provides helper utilities for JSON Web Token (JWT) creation and decoding, centralizing JWT handling based on application settings. It includes functions to create signed access tokens and decode/validate tokens, used for authentication purposes.", "external_files": ["src.settings"], "external_methods": ["src.settings.get_settings", "jwt.encode", "jwt.decode"], "published": ["create_access_token", "decode_token"], "classes": [], "methods": [{"name": "str create_access_token(subject: str, extra_claims: Dict[str, Any] | None = None)", "description": "Creates a signed JWT access token with optional extra claims, embedding subject, issue time, and expiration time.", "scope": "", "scopeKind": ""}, {"name": "Dict[str,Any] decode_token(token: str)", "description": "Decodes and validates a JWT string, returning the payload or raising an error if invalid or expired.", "scope": "", "scopeKind": ""}], "calls": ["jwt.encode", "jwt.decode"], "search-terms": ["JWT", "token creation", "token decoding", "auth helpers", "jwt_secret", "access token"], "state": 2, "file_id": 9, "knowledge_revision": 26, "git_revision": "0595ebafec38f209bff414f0da949afa9274f12c", "ctags": [{"_type": "tag", "name": "_settings", "path": "/home/kavia/workspace/code-generation/streamview-platform-307320-307329/video_streaming_backend/src/security/jwt.py", "pattern": "/^_settings = get_settings()$/", "language": "Python", "kind": "variable"}, {"_type": "tag", "name": "create_access_token", "path": "/home/kavia/workspace/code-generation/streamview-platform-307320-307329/video_streaming_backend/src/security/jwt.py", "pattern": "/^def create_access_token(subject: str, extra_claims: Dict[str, Any] | None = None) -> str:$/", "language": "Python", "typeref": "typename:str", "kind": "function", "signature": "(subject: str, extra_claims: Dict[str, Any] | None = None)"}, {"_type": "tag", "name": "decode_token", "path": "/home/kavia/workspace/code-generation/streamview-platform-307320-307329/video_streaming_backend/src/security/jwt.py", "pattern": "/^def decode_token(token: str) -> Dict[str, Any]:$/", "language": "Python", "typeref": "typename:Dict[str,Any]", "kind": "function", "signature": "(token: str)"}], "hash": "00ca326fb264bb9ed6f58716eeecf115", "format-version": 4, "code-base-name": "video_streaming_backend", "filename": "video_streaming_backend/src/security/jwt.py", "fields": [{"name": "_settings = get_settings()", "scope": "", "scopeKind": "", "description": "unavailable"}], "revision_history": [{"26": "0595ebafec38f209bff414f0da949afa9274f12c"}]}