{"is_source_file": true, "format": "Python", "description": "This file provides utilities for password hashing and verification using the passlib library with bcrypt scheme. It exposes functions for hashing passwords and verifying passwords against stored hashes.", "external_files": ["passlib.context"], "external_methods": ["passlib.context.CryptContext.hash", "passlib.context.CryptContext.verify"], "published": ["hash_password", "verify_password"], "classes": [], "methods": [{"name": "bytes hash_password(password: str)", "description": "Hashes a plaintext password using bcrypt and returns the hash as bytes suitable for database storage.", "scope": "", "scopeKind": ""}, {"name": "bool verify_password(password: str, password_hash: bytes)", "description": "Verifies a plaintext password against a stored bcrypt hash, returning True if they match.", "scope": "", "scopeKind": ""}], "calls": ["passlib.context.CryptContext.hash", "passlib.context.CryptContext.verify"], "search-terms": ["password hashing", "bcrypt", "passlib", "verify_password", "hash_password"], "state": 2, "file_id": 16, "knowledge_revision": 41, "git_revision": "6371df18a76adb37eb47c9e3f201b1944a009ddf", "ctags": [{"_type": "tag", "name": "_pwd_context", "path": "/home/kavia/workspace/code-generation/streamview-platform-307320-307329/video_streaming_backend/src/security/passwords.py", "pattern": "/^_pwd_context = CryptContext(schemes=[\"bcrypt\"], deprecated=\"auto\")$/", "language": "Python", "kind": "variable"}, {"_type": "tag", "name": "hash_password", "path": "/home/kavia/workspace/code-generation/streamview-platform-307320-307329/video_streaming_backend/src/security/passwords.py", "pattern": "/^def hash_password(password: str) -> bytes:$/", "language": "Python", "typeref": "typename:bytes", "kind": "function", "signature": "(password: str)"}, {"_type": "tag", "name": "verify_password", "path": "/home/kavia/workspace/code-generation/streamview-platform-307320-307329/video_streaming_backend/src/security/passwords.py", "pattern": "/^def verify_password(password: str, password_hash: bytes) -> bool:$/", "language": "Python", "typeref": "typename:bool", "kind": "function", "signature": "(password: str, password_hash: bytes)"}], "hash": "70db103f4713d64c6839f651e024b8b2", "format-version": 4, "code-base-name": "video_streaming_backend", "filename": "video_streaming_backend/src/security/passwords.py", "fields": [{"name": "_pwd_context = CryptContext(schemes=[\"bcrypt\"], deprecated=\"auto\")", "scope": "", "scopeKind": "", "description": "unavailable"}], "revision_history": [{"41": "6371df18a76adb37eb47c9e3f201b1944a009ddf"}]}