{"is_source_file": true, "format": "Python", "description": "This file appears to be an init file for a security-related module, containing helper functions for JWT, password hashing, and other security utilities.", "external_files": [], "external_methods": [], "published": [], "classes": [], "methods": [], "calls": [], "search-terms": ["security", "JWT", "password hashing", "__init__.py"], "state": 2, "file_id": 14, "knowledge_revision": 31, "git_revision": "0595ebafec38f209bff414f0da949afa9274f12c", "ctags": [], "hash": "d0f00ce3f3e9b28ab36d05d9db02805d", "format-version": 4, "code-base-name": "video_streaming_backend", "filename": "video_streaming_backend/src/security/__init__.py", "revision_history": [{"31": "0595ebafec38f209bff414f0da949afa9274f12c"}]}