{"is_source_file": true, "file_id": 5, "git_revision": "", "state": 1, "description": "", "external_files": [], "external_methods": [], "published": [], "classes": [], "methods": [], "calls": [], "search-terms": [], "ctags": [{"_type": "tag", "name": "Base", "path": "/home/kavia/workspace/code-generation/streamview-platform-307320-307329/video_streaming_backend/src/db/base.py", "pattern": "/^class Base(DeclarativeBase):$/", "language": "Python", "kind": "class"}], "format": "Python", "hash": "d5fff5b457093f04d19a0d37d723fd33", "format-version": 4, "code-base-name": "video_streaming_backend", "filename": "video_streaming_backend/src/db/base.py", "knowledge_revision": 10}