{"is_source_file": true, "format": "Python", "description": "This file provides utility functions for creating and decoding JSON Web Tokens (JWT) for authentication purposes, specifically generating access tokens and decoding them, as part of security and authentication infrastructure.", "external_files": ["jwt", "src.settings"], "external_methods": ["jwt.encode", "jwt.decode", "get_settings"], "published": ["create_access_token", "decode_token"], "classes": [], "methods": [{"name": "str create_access_token(subject: str, extra_claims: Dict[str, Any] | None = None)", "description": "Creates and signs a JWT access token with optional extra claims.", "arguments": ["subject", "extra_claims"], "scope": "", "scopeKind": ""}, {"name": "Dict[str,Any] decode_token(token: str)", "description": "Decodes and validates a JWT string, returning the payload.", "arguments": ["token"], "scope": "", "scopeKind": ""}], "calls": ["jwt.encode", "jwt.decode"], "search-terms": ["JWT", "token encoding", "token decoding", "access token", "refresh token", "security", "authentication"], "state": 2, "file_id": 9, "knowledge_revision": 34, "git_revision": "6371df18a76adb37eb47c9e3f201b1944a009ddf", "revision_history": [{"26": "0595ebafec38f209bff414f0da949afa9274f12c"}, {"34": "6371df18a76adb37eb47c9e3f201b1944a009ddf"}], "ctags": [{"_type": "tag", "name": "_settings", "path": "/home/kavia/workspace/code-generation/streamview-platform-307320-307329/video_streaming_backend/src/security/jwt.py", "pattern": "/^_settings = get_settings()$/", "language": "Python", "kind": "variable"}, {"_type": "tag", "name": "create_access_token", "path": "/home/kavia/workspace/code-generation/streamview-platform-307320-307329/video_streaming_backend/src/security/jwt.py", "pattern": "/^def create_access_token(subject: str, extra_claims: Dict[str, Any] | None = None) -> str:$/", "language": "Python", "typeref": "typename:str", "kind": "function", "signature": "(subject: str, extra_claims: Dict[str, Any] | None = None)"}, {"_type": "tag", "name": "decode_token", "path": "/home/kavia/workspace/code-generation/streamview-platform-307320-307329/video_streaming_backend/src/security/jwt.py", "pattern": "/^def decode_token(token: str) -> Dict[str, Any]:$/", "language": "Python", "typeref": "typename:Dict[str,Any]", "kind": "function", "signature": "(token: str)"}], "hash": "d817cbfb5edcf9bf0fe2f668959a43d6", "format-version": 4, "code-base-name": "video_streaming_backend", "filename": "video_streaming_backend/src/security/jwt.py", "fields": [{"name": "_settings = get_settings()", "scope": "", "scopeKind": "", "description": "unavailable"}]}