{"is_source_file": true, "file_id": 16, "git_revision": "", "state": 1, "description": "", "external_files": [], "external_methods": [], "published": [], "classes": [], "methods": [], "calls": [], "search-terms": [], "ctags": [{"_type": "tag", "name": "_pwd_context", "path": "/home/kavia/workspace/code-generation/streamview-platform-307320-307329/video_streaming_backend/src/security/passwords.py", "pattern": "/^_pwd_context = CryptContext(schemes=[\"bcrypt\"], deprecated=\"auto\")$/", "language": "Python", "kind": "variable"}, {"_type": "tag", "name": "hash_password", "path": "/home/kavia/workspace/code-generation/streamview-platform-307320-307329/video_streaming_backend/src/security/passwords.py", "pattern": "/^def hash_password(password: str) -> bytes:$/", "language": "Python", "typeref": "typename:bytes", "kind": "function", "signature": "(password: str)"}, {"_type": "tag", "name": "verify_password", "path": "/home/kavia/workspace/code-generation/streamview-platform-307320-307329/video_streaming_backend/src/security/passwords.py", "pattern": "/^def verify_password(password: str, password_hash: bytes) -> bool:$/", "language": "Python", "typeref": "typename:bool", "kind": "function", "signature": "(password: str, password_hash: bytes)"}], "format": "Python", "hash": "70db103f4713d64c6839f651e024b8b2", "format-version": 4, "code-base-name": "video_streaming_backend", "filename": "video_streaming_backend/src/security/passwords.py", "knowledge_revision": 33}