{"is_source_file": true, "file_id": 6, "git_revision": "", "state": 1, "description": "", "external_files": [], "external_methods": [], "published": [], "classes": [], "methods": [], "calls": [], "search-terms": [], "ctags": [{"_type": "tag", "name": "SessionLocal", "path": "/home/kavia/workspace/code-generation/streamview-platform-307320-307329/video_streaming_backend/src/db/session.py", "pattern": "/^SessionLocal = sessionmaker(bind=engine, autocommit=False, autoflush=False)$/", "language": "Python", "kind": "variable"}, {"_type": "tag", "name": "_build_engine", "path": "/home/kavia/workspace/code-generation/streamview-platform-307320-307329/video_streaming_backend/src/db/session.py", "pattern": "/^def _build_engine() -> Engine:$/", "language": "Python", "typeref": "typename:Engine", "kind": "function", "signature": "()"}, {"_type": "tag", "name": "_settings", "path": "/home/kavia/workspace/code-generation/streamview-platform-307320-307329/video_streaming_backend/src/db/session.py", "pattern": "/^_settings = get_settings()$/", "language": "Python", "kind": "variable"}, {"_type": "tag", "name": "check_db_connection", "path": "/home/kavia/workspace/code-generation/streamview-platform-307320-307329/video_streaming_backend/src/db/session.py", "pattern": "/^def check_db_connection() -> None:$/", "language": "Python", "typeref": "typename:None", "kind": "function", "signature": "()"}, {"_type": "tag", "name": "db_session", "path": "/home/kavia/workspace/code-generation/streamview-platform-307320-307329/video_streaming_backend/src/db/session.py", "pattern": "/^def db_session() -> Generator[Session, None, None]:$/", "language": "Python", "typeref": "typename:Generator[Session,None,None]", "kind": "function", "signature": "()"}, {"_type": "tag", "name": "engine", "path": "/home/kavia/workspace/code-generation/streamview-platform-307320-307329/video_streaming_backend/src/db/session.py", "pattern": "/^engine: Engine = _build_engine()$/", "language": "Python", "typeref": "typename:Engine", "kind": "variable"}, {"_type": "tag", "name": "get_db", "path": "/home/kavia/workspace/code-generation/streamview-platform-307320-307329/video_streaming_backend/src/db/session.py", "pattern": "/^def get_db() -> Generator[Session, None, None]:$/", "language": "Python", "typeref": "typename:Generator[Session,None,None]", "kind": "function", "signature": "()"}], "format": "Python", "hash": "add4b831a5bfcc6540018298666dd79b", "format-version": 4, "code-base-name": "video_streaming_backend", "filename": "video_streaming_backend/src/db/session.py", "knowledge_revision": 11}