{"is_source_file": true, "format": "Python", "description": "This is a Python source file initializing the security module by importing helper functions related to JWT and password hashing from submodules.", "external_files": ["src.security.jwt", "src.security.passwords"], "external_methods": ["create_access_token", "decode_token", "hash_password", "verify_password"], "published": [], "classes": [], "methods": [], "calls": ["src.security.jwt.create_access_token", "src.security.jwt.decode_token", "src.security.passwords.hash_password", "src.security.passwords.verify_password"], "search-terms": ["security", "JWT", "password hashing", "init file", "security helpers"], "state": 2, "file_id": 14, "knowledge_revision": 39, "git_revision": "6371df18a76adb37eb47c9e3f201b1944a009ddf", "revision_history": [{"31": "0595ebafec38f209bff414f0da949afa9274f12c"}, {"39": "6371df18a76adb37eb47c9e3f201b1944a009ddf"}], "ctags": [], "hash": "0b0970f86677c167a630e86ca4af4d85", "format-version": 4, "code-base-name": "video_streaming_backend", "filename": "video_streaming_backend/src/security/__init__.py"}