{"is_source_file": true, "format": "Python", "description": "This Python module manages database sessions and engine creation for a SQLAlchemy-based application, integrating with FastAPI for request-scoped sessions and providing a connectivity check function.", "external_files": ["src/settings.py"], "external_methods": ["get_settings()"], "published": ["get_db", "check_db_connection", "db_session"], "classes": [{"name": "Engine", "description": "SQLAlchemy Engine object created for database connectivity"}, {"name": "Session", "description": "SQLAlchemy Session class"}], "methods": [{"name": "Engine _build_engine()", "description": "Creates and returns the SQLAlchemy engine based on application settings.", "scope": "", "scopeKind": ""}, {"name": "Generator[Session,None,None] get_db()", "description": "Provides a FastAPI dependency that yields a database session with proper cleanup.", "scope": "", "scopeKind": ""}, {"name": "None check_db_connection()", "description": "Performs a connectivity check to verify if the database is reachable.", "scope": "", "scopeKind": ""}, {"name": "Generator[Session,None,None] db_session()", "description": "A context manager for database sessions used outside of FastAPI request flow.", "scope": "", "scopeKind": ""}], "calls": ["create_engine", "sessionmaker", "get_settings", "text", "conn.execute"], "search-terms": ["SQLAlchemy engine", "FastAPI dependency", "database connection check", "sessionmaker", "session context manager"], "state": 2, "file_id": 6, "knowledge_revision": 23, "git_revision": "0595ebafec38f209bff414f0da949afa9274f12c", "ctags": [{"_type": "tag", "name": "SessionLocal", "path": "/home/kavia/workspace/code-generation/streamview-platform-307320-307329/video_streaming_backend/src/db/session.py", "pattern": "/^SessionLocal = sessionmaker(bind=engine, autocommit=False, autoflush=False)$/", "language": "Python", "kind": "variable"}, {"_type": "tag", "name": "_build_engine", "path": "/home/kavia/workspace/code-generation/streamview-platform-307320-307329/video_streaming_backend/src/db/session.py", "pattern": "/^def _build_engine() -> Engine:$/", "language": "Python", "typeref": "typename:Engine", "kind": "function", "signature": "()"}, {"_type": "tag", "name": "_settings", "path": "/home/kavia/workspace/code-generation/streamview-platform-307320-307329/video_streaming_backend/src/db/session.py", "pattern": "/^_settings = get_settings()$/", "language": "Python", "kind": "variable"}, {"_type": "tag", "name": "check_db_connection", "path": "/home/kavia/workspace/code-generation/streamview-platform-307320-307329/video_streaming_backend/src/db/session.py", "pattern": "/^def check_db_connection() -> None:$/", "language": "Python", "typeref": "typename:None", "kind": "function", "signature": "()"}, {"_type": "tag", "name": "db_session", "path": "/home/kavia/workspace/code-generation/streamview-platform-307320-307329/video_streaming_backend/src/db/session.py", "pattern": "/^def db_session() -> Generator[Session, None, None]:$/", "language": "Python", "typeref": "typename:Generator[Session,None,None]", "kind": "function", "signature": "()"}, {"_type": "tag", "name": "engine", "path": "/home/kavia/workspace/code-generation/streamview-platform-307320-307329/video_streaming_backend/src/db/session.py", "pattern": "/^engine: Engine = _build_engine()$/", "language": "Python", "typeref": "typename:Engine", "kind": "variable"}, {"_type": "tag", "name": "get_db", "path": "/home/kavia/workspace/code-generation/streamview-platform-307320-307329/video_streaming_backend/src/db/session.py", "pattern": "/^def get_db() -> Generator[Session, None, None]:$/", "language": "Python", "typeref": "typename:Generator[Session,None,None]", "kind": "function", "signature": "()"}], "hash": "add4b831a5bfcc6540018298666dd79b", "format-version": 4, "code-base-name": "video_streaming_backend", "filename": "video_streaming_backend/src/db/session.py", "fields": [{"name": "SessionLocal = sessionmaker(bind=engine, autocommit=False, autoflush=False)", "scope": "", "scopeKind": "", "description": "unavailable"}, {"name": "_settings = get_settings()", "scope": "", "scopeKind": "", "description": "unavailable"}, {"name": "Engine engine", "scope": "", "scopeKind": "", "description": "unavailable"}], "revision_history": [{"23": "0595ebafec38f209bff414f0da949afa9274f12c"}]}