{"is_source_file": true, "format": "Python", "description": "This file defines the base class for all SQLAlchemy ORM models used in the project, serving as a common superclass for database models.", "external_files": ["sqlalchemy.orm"], "external_methods": [], "published": ["Base"], "classes": [{"name": "Base", "description": "Base class for all SQLAlchemy ORM models, providing a declarative base for ORM model definitions."}], "methods": [], "calls": [], "search-terms": ["DeclarativeBase", "Base class", "SQLAlchemy ORM", "database models"], "state": 2, "file_id": 5, "knowledge_revision": 14, "git_revision": "0595ebafec38f209bff414f0da949afa9274f12c", "ctags": [{"_type": "tag", "name": "Base", "path": "/home/kavia/workspace/code-generation/streamview-platform-307320-307329/video_streaming_backend/src/db/base.py", "pattern": "/^class Base(DeclarativeBase):$/", "language": "Python", "kind": "class"}], "hash": "d5fff5b457093f04d19a0d37d723fd33", "format-version": 4, "code-base-name": "video_streaming_backend", "filename": "video_streaming_backend/src/db/base.py", "revision_history": [{"14": "0595ebafec38f209bff414f0da949afa9274f12c"}]}