{"is_source_file": true, "format": "Python", "description": "Main FastAPI application setup for the backend API, including middleware, routes, and startup events.", "external_files": ["src.api.routers.auth", "src.db.session", "src.settings"], "external_methods": ["src.api.routers.auth.router", "src.db.session.check_db_connection", "src.settings.get_settings"], "published": ["app"], "classes": [], "methods": [{"name": "None _startup_db_check()", "description": "Startup event to verify database connectivity.", "scope": "", "scopeKind": ""}, {"name": "health_check()", "description": "Endpoint for health and readiness check.", "scope": "", "scopeKind": ""}], "calls": ["check_db_connection"], "search-terms": ["FastAPI", "CORS", "health check", "API router", "auth router", "startup event"], "state": 2, "file_id": 1, "knowledge_revision": 38, "git_revision": "6371df18a76adb37eb47c9e3f201b1944a009ddf", "revision_history": [{"9": "a60250cd3987a76dd8578b82ea901a9c97912d90"}, {"21": "0595ebafec38f209bff414f0da949afa9274f12c"}, {"38": "6371df18a76adb37eb47c9e3f201b1944a009ddf"}], "ctags": [{"_type": "tag", "name": "_startup_db_check", "path": "/home/kavia/workspace/code-generation/streamview-platform-307320-307329/video_streaming_backend/src/api/main.py", "pattern": "/^async def _startup_db_check() -> None:$/", "language": "Python", "typeref": "typename:None", "kind": "function", "signature": "()"}, {"_type": "tag", "name": "app", "path": "/home/kavia/workspace/code-generation/streamview-platform-307320-307329/video_streaming_backend/src/api/main.py", "pattern": "/^app = FastAPI($/", "language": "Python", "kind": "variable"}, {"_type": "tag", "name": "auth_router", "path": "/home/kavia/workspace/code-generation/streamview-platform-307320-307329/video_streaming_backend/src/api/main.py", "pattern": "/^from src.api.routers.auth import router as auth_router$/", "language": "Python", "kind": "unknown", "nameref": "unknown:router"}, {"_type": "tag", "name": "health_check", "path": "/home/kavia/workspace/code-generation/streamview-platform-307320-307329/video_streaming_backend/src/api/main.py", "pattern": "/^def health_check():$/", "language": "Python", "kind": "function", "signature": "()"}, {"_type": "tag", "name": "openapi_tags", "path": "/home/kavia/workspace/code-generation/streamview-platform-307320-307329/video_streaming_backend/src/api/main.py", "pattern": "/^openapi_tags = [$/", "language": "Python", "kind": "variable"}, {"_type": "tag", "name": "settings", "path": "/home/kavia/workspace/code-generation/streamview-platform-307320-307329/video_streaming_backend/src/api/main.py", "pattern": "/^settings = get_settings()$/", "language": "Python", "kind": "variable"}], "hash": "a1a3c137507fd4e86ed08022e53849bf", "format-version": 4, "code-base-name": "video_streaming_backend", "filename": "video_streaming_backend/src/api/main.py", "fields": [{"name": "app = FastAPI(", "scope": "", "scopeKind": "", "description": "unavailable"}, {"name": "openapi_tags = [", "scope": "", "scopeKind": "", "description": "unavailable"}, {"name": "settings = get_settings()", "scope": "", "scopeKind": "", "description": "unavailable"}]}