{"is_source_file": false, "format": "", "description": "", "external_files": [], "external_methods": [], "published": [], "classes": [], "methods": [], "calls": [], "search-terms": [], "state": 2, "file_id": 10, "knowledge_revision": 27, "git_revision": "0595ebafec38f209bff414f0da949afa9274f12c", "hash": "be71871ec824c51c1c692af2713f9ef4", "format-version": 4, "code-base-name": "video_streaming_backend", "filename": "video_streaming_backend/alembic.ini", "revision_history": [{"27": "0595ebafec38f209bff414f0da949afa9274f12c"}]}