{"is_source_file": true, "format": "Python", "description": "This is the __init__.py file of a database package, which imports core components such as base models, data models, session management, and database engine configuration for the project.", "external_files": ["src/db/base.py", "src/db/models.py", "src/db/session.py"], "external_methods": ["check_db_connection", "get_db"], "published": ["Base", "RefreshToken", "User", "UserRole", "Video", "VideoVisibility", "SessionLocal", "engine"], "classes": [{"name": "Base", "description": "The declarative base class for SQLAlchemy models, imported from src.db.base"}], "methods": [{"name": "check_db_connection", "description": "Function to verify database connectivity, imported from src.db.session"}, {"name": "get_db", "description": "Function to retrieve a database session, imported from src.db.session"}], "calls": ["from src.db.base import Base", "from src.db.models import RefreshToken, User, UserRole, Video, VideoVisibility", "from src.db.session import SessionLocal, check_db_connection, engine, get_db"], "search-terms": ["database package", "models import", "session management", "SQLAlchemy Base", "db connection"], "state": 2, "file_id": 13, "knowledge_revision": 30, "git_revision": "0595ebafec38f209bff414f0da949afa9274f12c", "ctags": [], "hash": "bfa502d48744434323e710546b49ae21", "format-version": 4, "code-base-name": "video_streaming_backend", "filename": "video_streaming_backend/src/db/__init__.py", "revision_history": [{"30": "0595ebafec38f209bff414f0da949afa9274f12c"}]}