{"is_source_file": true, "file_id": 3, "git_revision": "a60250cd3987a76dd8578b82ea901a9c97912d90", "state": 2, "description": "", "external_files": [], "external_methods": [], "published": [], "classes": [], "methods": [], "calls": [], "search-terms": [], "ctags": [], "hash": null, "format-version": 4, "code-base-name": "video_streaming_backend", "filename": "video_streaming_backend/src/api/__init__.py", "knowledge_revision": 6, "revision_history": [{"6": "a60250cd3987a76dd8578b82ea901a9c97912d90"}]}