{"is_source_file": false, "format": "", "description": "", "external_files": [], "external_methods": [], "published": [], "classes": [], "methods": [], "calls": [], "search-terms": [], "state": 2, "file_id": 15, "knowledge_revision": 32, "git_revision": "0595ebafec38f209bff414f0da949afa9274f12c", "hash": "4283d699239f9b0e5a65090c84c6c077", "format-version": 4, "code-base-name": "video_streaming_backend", "filename": "video_streaming_backend/README.md", "revision_history": [{"32": "0595ebafec38f209bff414f0da949afa9274f12c"}]}