{"is_source_file": false, "format": "", "description": "", "external_files": [], "external_methods": [], "published": [], "classes": [], "methods": [], "calls": [], "search-terms": [], "state": 2, "file_id": 20, "knowledge_revision": 45, "git_revision": "6371df18a76adb37eb47c9e3f201b1944a009ddf", "ctags": [], "hash": "d47dc1b48cb42b64478b62bf85ff1bcb", "format-version": 4, "code-base-name": "video_streaming_backend", "filename": "video_streaming_backend/src/api/routers/__init__.py", "revision_history": [{"45": "6371df18a76adb37eb47c9e3f201b1944a009ddf"}]}