{"is_source_file": true, "format": "Python", "description": "Pydantic schemas defining data models for authentication endpoints such as registration, login, token refresh, and user information responses.", "external_files": ["pydantic", "__future__"], "external_methods": [], "published": ["RegisterRequest", "LoginRequest", "RefreshRequest", "LogoutRequest", "UserPublic", "TokenPairResponse"], "classes": [{"name": "RegisterRequest", "description": "Payload for registering a new user."}, {"name": "LoginRequest", "description": "Payload for logging in."}, {"name": "RefreshRequest", "description": "Payload for refreshing tokens."}, {"name": "LogoutRequest", "description": "Payload for logout (revokes refresh token)."}, {"name": "UserPublic", "description": "Public user fields returned to clients."}, {"name": "TokenPairResponse", "description": "Auth token response returned to clients."}], "methods": [], "calls": [], "search-terms": ["auth schemas", "pydantic", "JWT", "token", "user", "refresh_token", "register", "login"], "state": 2, "file_id": 17, "knowledge_revision": 42, "git_revision": "6371df18a76adb37eb47c9e3f201b1944a009ddf", "ctags": [{"_type": "tag", "name": "LoginRequest", "path": "/home/kavia/workspace/code-generation/streamview-platform-307320-307329/video_streaming_backend/src/api/schemas/auth.py", "pattern": "/^class LoginRequest(BaseModel):$/", "language": "Python", "kind": "class"}, {"_type": "tag", "name": "LogoutRequest", "path": "/home/kavia/workspace/code-generation/streamview-platform-307320-307329/video_streaming_backend/src/api/schemas/auth.py", "pattern": "/^class LogoutRequest(BaseModel):$/", "language": "Python", "kind": "class"}, {"_type": "tag", "name": "RefreshRequest", "path": "/home/kavia/workspace/code-generation/streamview-platform-307320-307329/video_streaming_backend/src/api/schemas/auth.py", "pattern": "/^class RefreshRequest(BaseModel):$/", "language": "Python", "kind": "class"}, {"_type": "tag", "name": "RegisterRequest", "path": "/home/kavia/workspace/code-generation/streamview-platform-307320-307329/video_streaming_backend/src/api/schemas/auth.py", "pattern": "/^class RegisterRequest(BaseModel):$/", "language": "Python", "kind": "class"}, {"_type": "tag", "name": "TokenPairResponse", "path": "/home/kavia/workspace/code-generation/streamview-platform-307320-307329/video_streaming_backend/src/api/schemas/auth.py", "pattern": "/^class TokenPairResponse(BaseModel):$/", "language": "Python", "kind": "class"}, {"_type": "tag", "name": "UserPublic", "path": "/home/kavia/workspace/code-generation/streamview-platform-307320-307329/video_streaming_backend/src/api/schemas/auth.py", "pattern": "/^class UserPublic(BaseModel):$/", "language": "Python", "kind": "class"}, {"_type": "tag", "name": "access_token", "path": "/home/kavia/workspace/code-generation/streamview-platform-307320-307329/video_streaming_backend/src/api/schemas/auth.py", "pattern": "/^    access_token: str = Field(..., description=\"JWT access token\")$/", "language": "Python", "typeref": "typename:str", "kind": "variable", "scope": "TokenPairResponse", "scopeKind": "class"}, {"_type": "tag", "name": "email", "path": "/home/kavia/workspace/code-generation/streamview-platform-307320-307329/video_streaming_backend/src/api/schemas/auth.py", "pattern": "/^    email: EmailStr = Field(..., description=\"User email address\")$/", "language": "Python", "typeref": "typename:EmailStr", "kind": "variable", "scope": "LoginRequest", "scopeKind": "class"}, {"_type": "tag", "name": "email", "path": "/home/kavia/workspace/code-generation/streamview-platform-307320-307329/video_streaming_backend/src/api/schemas/auth.py", "pattern": "/^    email: EmailStr = Field(..., description=\"User email address\")$/", "language": "Python", "typeref": "typename:EmailStr", "kind": "variable", "scope": "RegisterRequest", "scopeKind": "class"}, {"_type": "tag", "name": "email", "path": "/home/kavia/workspace/code-generation/streamview-platform-307320-307329/video_streaming_backend/src/api/schemas/auth.py", "pattern": "/^    email: EmailStr = Field(..., description=\"User email address\")$/", "language": "Python", "typeref": "typename:EmailStr", "kind": "variable", "scope": "UserPublic", "scopeKind": "class"}, {"_type": "tag", "name": "expires_in", "path": "/home/kavia/workspace/code-generation/streamview-platform-307320-307329/video_streaming_backend/src/api/schemas/auth.py", "pattern": "/^    expires_in: int = Field(..., description=\"Access token expiration time in seconds\")$/", "language": "Python", "typeref": "typename:int", "kind": "variable", "scope": "TokenPairResponse", "scopeKind": "class"}, {"_type": "tag", "name": "id", "path": "/home/kavia/workspace/code-generation/streamview-platform-307320-307329/video_streaming_backend/src/api/schemas/auth.py", "pattern": "/^    id: int = Field(..., description=\"User id\")$/", "language": "Python", "typeref": "typename:int", "kind": "variable", "scope": "UserPublic", "scopeKind": "class"}, {"_type": "tag", "name": "password", "path": "/home/kavia/workspace/code-generation/streamview-platform-307320-307329/video_streaming_backend/src/api/schemas/auth.py", "pattern": "/^    password: str = Field(..., description=\"User password\")$/", "language": "Python", "typeref": "typename:str", "kind": "variable", "scope": "LoginRequest", "scopeKind": "class"}, {"_type": "tag", "name": "password", "path": "/home/kavia/workspace/code-generation/streamview-platform-307320-307329/video_streaming_backend/src/api/schemas/auth.py", "pattern": "/^    password: str = Field(..., min_length=8, description=\"User password (min 8 characters)\")$/", "language": "Python", "typeref": "typename:str", "kind": "variable", "scope": "RegisterRequest", "scopeKind": "class"}, {"_type": "tag", "name": "refresh_token", "path": "/home/kavia/workspace/code-generation/streamview-platform-307320-307329/video_streaming_backend/src/api/schemas/auth.py", "pattern": "/^    refresh_token: str = Field(..., description=\"Opaque refresh token previously issued by \\/log/", "language": "Python", "typeref": "typename:str", "kind": "variable", "scope": "RefreshRequest", "scopeKind": "class"}, {"_type": "tag", "name": "refresh_token", "path": "/home/kavia/workspace/code-generation/streamview-platform-307320-307329/video_streaming_backend/src/api/schemas/auth.py", "pattern": "/^    refresh_token: str = Field(..., description=\"Opaque refresh token to revoke\")$/", "language": "Python", "typeref": "typename:str", "kind": "variable", "scope": "LogoutRequest", "scopeKind": "class"}, {"_type": "tag", "name": "refresh_token", "path": "/home/kavia/workspace/code-generation/streamview-platform-307320-307329/video_streaming_backend/src/api/schemas/auth.py", "pattern": "/^    refresh_token: str = Field(..., description=\"Opaque refresh token\")$/", "language": "Python", "typeref": "typename:str", "kind": "variable", "scope": "TokenPairResponse", "scopeKind": "class"}, {"_type": "tag", "name": "role", "path": "/home/kavia/workspace/code-generation/streamview-platform-307320-307329/video_streaming_backend/src/api/schemas/auth.py", "pattern": "/^    role: str = Field(..., description='User role (e.g., \"user\" or \"admin\")')$/", "language": "Python", "typeref": "typename:str", "kind": "variable", "scope": "UserPublic", "scopeKind": "class"}, {"_type": "tag", "name": "token_type", "path": "/home/kavia/workspace/code-generation/streamview-platform-307320-307329/video_streaming_backend/src/api/schemas/auth.py", "pattern": "/^    token_type: str = Field(\"bearer\", description='Token type. Always \"bearer\" for access_token /", "language": "Python", "typeref": "typename:str", "kind": "variable", "scope": "TokenPairResponse", "scopeKind": "class"}, {"_type": "tag", "name": "user", "path": "/home/kavia/workspace/code-generation/streamview-platform-307320-307329/video_streaming_backend/src/api/schemas/auth.py", "pattern": "/^    user: UserPublic = Field(..., description=\"Logged-in user information\")$/", "language": "Python", "typeref": "typename:UserPublic", "kind": "variable", "scope": "TokenPairResponse", "scopeKind": "class"}], "hash": "3fa65537c171e8bb14a8712f09e99b90", "format-version": 4, "code-base-name": "video_streaming_backend", "filename": "video_streaming_backend/src/api/schemas/auth.py", "fields": [{"name": "str access_token", "scope": "TokenPairResponse", "scopeKind": "class", "description": "unavailable"}, {"name": "EmailStr email", "scope": "LoginRequest", "scopeKind": "class", "description": "unavailable"}, {"name": "int expires_in", "scope": "TokenPairResponse", "scopeKind": "class", "description": "unavailable"}, {"name": "int id", "scope": "UserPublic", "scopeKind": "class", "description": "unavailable"}, {"name": "str password", "scope": "LoginRequest", "scopeKind": "class", "description": "unavailable"}, {"name": "str refresh_token", "scope": "RefreshRequest", "scopeKind": "class", "description": "unavailable"}, {"name": "str role", "scope": "UserPublic", "scopeKind": "class", "description": "unavailable"}, {"name": "str token_type", "scope": "TokenPairResponse", "scopeKind": "class", "description": "unavailable"}, {"name": "UserPublic user", "scope": "TokenPairResponse", "scopeKind": "class", "description": "unavailable"}], "revision_history": [{"42": "6371df18a76adb37eb47c9e3f201b1944a009ddf"}]}